{"0": {"f1": [0.8354872511351727, 0.9112508735150245, 0.7710144927536232, 0.7240143369175626, 0.8672350791717417, 0.778185631882538, 0.872840053167922, 0.8856729377713458, 0.9205834683954618, 0.7009345794392523, 0.7749546279491832, 0.9027027027027027, 0.8027498677948176, 0.7915831663326653, 0.7804878048780487, 0.7773892773892774, 0.727580372250423, 0.7984934086629002, 0.8911426639621366, 0.7722063037249284, 0.8968858131487891, 0.9526804202776287, 0.9375626043405676, 0.696035242290749, 0.8202449567723342, 0.7107023411371238, 0.712871287128713], "recall": [0.7941567065073041, 0.9038817005545287, 0.665, 0.6121212121212121, 0.8356807511737089, 0.7540650406504065, 0.861013986013986, 0.8761061946902655, 0.8765432098765432, 0.6696428571428571, 0.6898222940226171, 0.8697916666666666, 0.7014787430683919, 0.7247706422018348, 0.6923076923076923, 0.7035864978902954, 0.6525037936267072, 0.762589928057554, 0.8833780160857909, 0.6695652173913044, 0.8870636550308009, 0.9546572394712572, 0.9353764157228515, 0.5895522388059702, 0.7835512732278045, 0.5960729312762973, 0.5975103734439834], "precision": [0.8813559322033898, 0.9187411930483795, 0.9172413793103448, 0.8859649122807017, 0.9012658227848102, 0.8039003250270856, 0.8849955076370171, 0.8954509177972865, 0.9692832764505119, 0.7352941176470589, 0.8840579710144928, 0.9382022471910112, 0.9381953028430161, 0.8719646799116998, 0.8944099378881988, 0.8684895833333334, 0.8221797323135756, 0.8379446640316206, 0.8990450204638472, 0.9120135363790186, 0.906927921623513, 0.950711771008725, 0.9397590361445783, 0.8494623655913979, 0.8605442176870748, 0.8799171842650103, 0.8834355828220859]}, "1": {"f1": [0.9298941798941799, 0.9550189393939394, 0.8804071246819337, 0.8613569321533924, 0.9212690951821386, 0.8956927867151011, 0.9425599276345545, 0.9512609434208809, 0.9525291828793774, 0.7994143484626647, 0.7540394973070018, 0.9315789473684212, 0.8761991777067153, 0.9007901668129937, 0.8740740740740741, 0.8403083700440529, 0.8427249789739276, 0.8904847396768402, 0.9483505498167277, 0.8143966125617502, 0.9537843268586738, 0.9837158808933002, 0.9733033129623673, 0.7372881355932204, 0.8769042199264577, 0.843036109064112, 0.7913669064748201], "recall": [0.9225721784776902, 0.9390130353817505, 0.8826530612244898, 0.874251497005988, 0.937799043062201, 0.8647294589178357, 0.9278717720391808, 0.9516339869281045, 0.9300911854103343, 0.7647058823529411, 0.6988352745424293, 0.9076923076923077, 0.8655234657039711, 0.9047619047619048, 0.815668202764977, 0.8031578947368421, 0.7672281776416539, 0.8953068592057761, 0.9442601194426012, 0.7378516624040921, 0.9506008010680908, 0.9829536649620332, 0.9704939063502245, 0.6641221374045801, 0.8456602499155691, 0.8056338028169014, 0.7236842105263158], "precision": [0.9373333333333334, 0.9715799614643545, 0.8781725888324873, 0.8488372093023255, 0.9053117782909931, 0.9289558665231432, 0.9577205882352942, 0.9508881922675027, 0.9760765550239234, 0.8374233128834356, 0.8187134502923976, 0.9567567567567568, 0.8871415356151712, 0.8968531468531469, 0.9414893617021277, 0.8810623556581986, 0.9347014925373134, 0.8857142857142857, 0.9524765729585006, 0.9086614173228347, 0.956989247311828, 0.9844792798385845, 0.9761290322580645, 0.8285714285714286, 0.9105454545454545, 0.884080370942813, 0.873015873015873]}, "2": {"f1": [0.825, 0.8997120921305182, 0.7659574468085107, 0.7338129496402878, 0.8264669163545568, 0.7995724211651523, 0.8611240130051091, 0.8870988696894894, 0.9009009009009008, 0.7216494845360826, 0.727788279773157, 0.8977272727272728, 0.7906976744186046, 0.7896373056994818, 0.7471264367816093, 0.7792207792207791, 0.7299651567944251, 0.7992277992277993, 0.8923177938279712, 0.75, 0.9005807994533652, 0.9552112567759794, 0.9473684210526316, 0.5753424657534246, 0.8194718879109036, 0.7692307692307694, 0.7541766109785203], "recall": [0.7674418604651163, 0.8778089887640449, 0.65625, 0.6144578313253012, 0.7769953051643192, 0.7593908629441625, 0.8284182305630027, 0.8951232302045097, 0.8540372670807453, 0.6843575418994413, 0.6140350877192983, 0.8404255319148937, 0.7122040072859745, 0.710820895522388, 0.6310679611650486, 0.71875, 0.6406727828746177, 0.71875, 0.9139206455951581, 0.6804511278195489, 0.8751660026560425, 0.955101099408011, 0.9436435124508519, 0.47368421052631576, 0.7753229095853161, 0.6861313868613139, 0.6723404255319149], "precision": [0.8918918918918919, 0.922736220472441, 0.9197080291970803, 0.9107142857142857, 0.8826666666666667, 0.8442437923250564, 0.8965183752417795, 0.879217100180273, 0.9532062391681109, 0.7632398753894081, 0.8932714617169374, 0.9634146341463414, 0.8886363636363637, 0.8881118881118881, 0.9154929577464789, 0.8508014796547472, 0.8481781376518218, 0.9, 0.8717126363053239, 0.8353846153846154, 0.9275158339197748, 0.9553214395570594, 0.9511228533685601, 0.7325581395348837, 0.8689523809523809, 0.8752327746741154, 0.8586956521739131]}, "3": {"f1": [0.808669150016932, 0.8863423760523854, 0.7031700288184438, 0.7335423197492164, 0.8076923076923076, 0.7536076964190273, 0.8606896551724137, 0.8599443487478469, 0.9065637065637066, 0.6211699164345404, 0.6381909547738692, 0.898809523809524, 0.7132796780684105, 0.780934922089826, 0.7256637168141593, 0.7349397590361447, 0.648847926267281, 0.7413793103448276, 0.8799458911058505, 0.715846994535519, 0.8709331426528425, 0.9471515244018773, 0.9340659340659341, 0.6495726495726496, 0.7763157894736842, 0.7058823529411765, 0.6605080831408776], "recall": [0.7855263157894737, 0.8708639705882353, 0.6387434554973822, 0.6536312849162011, 0.7894736842105263, 0.7208588957055214, 0.8327402135231317, 0.8454924439812402, 0.8907435508345979, 0.6264044943820225, 0.596244131455399, 0.8435754189944135, 0.6364452423698385, 0.7344827586206897, 0.634020618556701, 0.6441393875395988, 0.5569620253164557, 0.6615384615384615, 0.8755047106325706, 0.6624525916561315, 0.8452463566967384, 0.9590448960667646, 0.9407552083333334, 0.5714285714285714, 0.7458148274683977, 0.6275071633237822, 0.6059322033898306], "precision": [0.8332170272156315, 0.9023809523809524, 0.782051282051282, 0.8357142857142857, 0.8267716535433071, 0.7894736842105263, 0.89058039961941, 0.8748988945807495, 0.9229559748427673, 0.6160220994475138, 0.6864864864864865, 0.9617834394904459, 0.8112128146453089, 0.8336594911937377, 0.8482758620689655, 0.8555399719495091, 0.7770419426048565, 0.8431372549019608, 0.8844323589394969, 0.7786032689450223, 0.8982300884955752, 0.9355495251017639, 0.9274711168164314, 0.7524752475247525, 0.8094178717093067, 0.8066298342541437, 0.7258883248730964]}, "4": {"f1": [0.7766703580657068, 0.8756356911696718, 0.5885885885885885, 0.6835443037974682, 0.7606019151846785, 0.6938359653591442, 0.8391936240037505, 0.8552683374885186, 0.9086614173228346, 0.5907859078590785, 0.6692307692307691, 0.8621700879765396, 0.7082341742027607, 0.7972027972027972, 0.6627565982404693, 0.7102272727272728, 0.6189164370982554, 0.6293436293436293, 0.8563776364245062, 0.6714082503556188, 0.8477531857813548, 0.9435446552521981, 0.9286412512218964, 0.6137566137566137, 0.7684378887506664, 0.6208955223880598, 0.6618004866180048], "recall": [0.699468085106383, 0.8768518518518519, 0.49746192893401014, 0.6467065868263473, 0.7037974683544304, 0.6871846619576185, 0.8121597096188747, 0.8565045992115637, 0.8863287250384024, 0.6246418338108882, 0.5631067961165048, 0.7903225806451613, 0.6825688073394496, 0.7556818181818182, 0.5355450236966824, 0.6572029442691903, 0.5249221183800623, 0.5884476534296029, 0.8572386058981233, 0.5959595959595959, 0.8575305291723202, 0.9420914831356846, 0.9265279583875162, 0.4793388429752066, 0.7274562584118439, 0.5826330532212886, 0.5666666666666667],