{"0": {"f1": 0.6393779356151543, "binaryf1": [0.5280199252801993, 0.739803094233474, 0.34, 0.20512820512820512, 0.5033112582781457, 0.3974358974358974, 0.616822429906542, 0.6970858895705522, 0.8232558139534883, 0.34703196347031967, 0.07751937984496124, 0.6727272727272727, 0.1464530892448513, 0.4709480122324159, 0.023255813953488372, 0.2819383259911894, 0.11673151750972763, 0.16822429906542058, 0.7313854853911403, 0.03703703703703704, 0.6938325991189429, 0.8780862504115, 0.8272138228941684, 0.0, 0.44230769230769235, 0.08247422680412371, 0.0759493670886076], "recall": [0.4116504854368932, 0.6902887139107612, 0.2463768115942029, 0.12121212121212122, 0.4550898203592814, 0.32891246684350134, 0.5732009925558312, 0.696551724137931, 0.7831858407079646, 0.3247863247863248, 0.045454545454545456, 0.578125, 0.0906515580736544, 0.3869346733668342, 0.012345679012345678, 0.19753086419753085, 0.07389162561576355, 0.10975609756097561, 0.7265917602996255, 0.02032520325203252, 0.6128404669260701, 0.8787612563145178, 0.8063157894736842, 0.0, 0.41566265060240964, 0.05194805194805195, 0.04285714285714286], "precision": [0.7361111111111112, 0.796969696969697, 0.5483870967741935, 0.6666666666666666, 0.562962962962963, 0.5020242914979757, 0.6676300578034682, 0.6976208749040675, 0.8676470588235294, 0.37254901960784315, 0.2631578947368421, 0.8043478260869565, 0.38095238095238093, 0.6015625, 0.2, 0.49230769230769234, 0.2777777777777778, 0.36, 0.7362428842504743, 0.20833333333333334, 0.799492385786802, 0.8774122807017544, 0.8492239467849224, 0.0, 0.4726027397260274, 0.2, 0.3333333333333333], "thresh_opt": [0.31, 0.426, 0.10200000000000001, 0.10999999999999999, 0.296, 0.22000000000000003, 0.336, 0.392, 0.30199999999999994, 0.258, 0.14, 0.15999999999999998, 0.14400000000000002, 0.13999999999999999, 0.098, 0.252, 0.128, 0.13, 0.338, 0.096, 0.45, 0.5940000000000001, 0.398, 0.04, 0.306, 0.156, 0.06]}, "1": {"f1": 0.6394315021293187, "binaryf1": [0.5280199252801993, 0.7366926898509583, 0.3469387755102041, 0.2077922077922078, 0.5129870129870129, 0.39549839228295824, 0.6174142480211082, 0.6966205837173579, 0.8190045248868779, 0.3482142857142857, 0.08270676691729324, 0.6727272727272727, 0.14578587699316628, 0.47318611987381703, 0.023809523809523808, 0.29193899782135074, 0.10937500000000001, 0.16363636363636364, 0.7313854853911403, 0.03717472118959107, 0.695364238410596, 0.8780862504115, 0.8257080610021786, 0.0, 0.4420828905419766, 0.08191126279863481, 0.07894736842105264], "recall": [0.4116504854368932, 0.6811023622047244, 0.2463768115942029, 0.12121212121212122, 0.47305389221556887, 0.32625994694960214, 0.5806451612903226, 0.6950191570881226, 0.8008849557522124, 0.3333333333333333, 0.05, 0.578125, 0.0906515580736544, 0.3768844221105528, 0.012345679012345678, 0.20679012345679013, 0.06896551724137931, 0.10975609756097561, 0.7265917602996255, 0.02032520325203252, 0.6128404669260701, 0.8787612563145178, 0.7978947368421052, 0.0, 0.41767068273092367, 0.05194805194805195, 0.04285714285714286], "precision": [0.7361111111111112, 0.8021638330757341, 0.5862068965517241, 0.7272727272727273, 0.5602836879432624, 0.5020408163265306, 0.6591549295774648, 0.6982294072363356, 0.8379629629629629, 0.3644859813084112, 0.2391304347826087, 0.8043478260869565, 0.37209302325581395, 0.635593220338983, 0.3333333333333333, 0.4962962962962963, 0.2641509433962264, 0.32142857142857145, 0.7362428842504743, 0.21739130434782608, 0.8035714285714286, 0.8774122807017544, 0.8555304740406321, 0.0, 0.46952595936794583, 0.1935483870967742, 0.5], "thresh_opt": [0.30999999999999994, 0.438, 0.10599999999999996, 0.11399999999999996, 0.2859999999999999, 0.22199999999999998, 0.32599999999999996, 0.39399999999999996, 0.26599999999999996, 0.246, 0.13399999999999998, 0.16199999999999998, 0.142, 0.15, 0.10599999999999998, 0.24999999999999994, 0.12999999999999998, 0.12599999999999997, 0.3379999999999999, 0.09799999999999998, 0.4539999999999999, 0.5939999999999999, 0.41799999999999987, 0.04599999999999999, 0.30199999999999994, 0.15399999999999997, 0.06599999999999999]}, "2": {"f1": 0.6390513713155991, "binaryf1": [0.5339925834363413, 0.7383309759547383, 0.3010752688172043, 0.20512820512820512, 0.5256410256410257, 0.4069400630914826, 0.6143617021276595, 0.6964831804281346, 0.8232558139534883, 0.34080717488789236, 0.07751937984496124, 0.660377358490566, 0.15765765765765766, 0.4727272727272727, 0.023529411764705882, 0.2684563758389262, 0.0963855421686747, 0.15384615384615385, 0.7306967984934087, 0.03759398496240601, 0.7, 0.8789934354485777, 0.8259459459459461, 0.0, 0.43482963764196864, 0.0763888888888889, 0.07792207792207792], "recall": [0.41941747572815535, 0.6850393700787402, 0.2028985507246377, 0.12121212121212122, 0.49101796407185627, 0.3421750663129973, 0.5732009925558312, 0.6980842911877395, 0.7831858407079646, 0.3247863247863248, 0.045454545454545456, 0.546875, 0.09915014164305949, 0.39195979899497485, 0.012345679012345678, 0.18518518518518517, 0.059113300492610835, 0.0975609756097561, 0.7265917602996255, 0.02032520325203252, 0.6264591439688716, 0.8822754227981551, 0.8042105263157895, 0.0, 0.4036144578313253, 0.047619047619047616, 0.04285714285714286], "precision": [0.7346938775510204, 0.8006134969325154, 0.5833333333333334, 0.6666666666666666, 0.5655172413793104, 0.5019455252918288, 0.66189111747851, 0.6948893974065599, 0.8676470588235294, 0.3584905660377358, 0.2631578947368421, 0.8333333333333334, 0.38461538461538464, 0.5954198473282443, 0.25, 0.4878048780487805, 0.2608695652173913, 0.36363636363636365, 0.7348484848484849, 0.25, 0.7931034482758621, 0.8757357750163506, 0.8488888888888889, 0.0, 0.4712778429073857, 0.19298245614035087, 0.42857142857142855], "thresh_opt": [0.304, 0.43, 0.118, 0.11199999999999999, 0.27999999999999997, 0.21399999999999997, 0.334, 0.388, 0.29799999999999993, 0.25, 0.142, 0.19, 0.136, 0.13599999999999998, 0.1, 0.256, 0.136, 0.136, 0.334, 0.09999999999999999, 0.43600000000000005, 0.586, 0.4119999999999999, 0.04, 0.30999999999999994, 0.16, 0.06399999999999999]}, "3": {"f1": 0.6404112586865729, "binaryf1": [0.5346534653465346, 0.7422969187675069, 0.3469387755102041, 0.2077922077922078, 0.5049833887043189, 0.4087363494539782, 0.6135458167330676, 0.6966205837173579, 0.8175519630484989, 0.34080717488789236, 0.09859154929577466, 0.6481481481481481, 0.15384615384615385, 0.46808510638297873, 0.023255813953488372, 0.26576576576576577, 0.12878787878787876, 0.16822429906542058, 0.7315247895229187, 0.043321299638989175, 0.6998916576381365, 0.8789934354485777, 0.8283261802575106, 0.0, 0.440463645943098, 0.0706713780918728, 0.075], "recall": [0.41941747572815535, 0.6955380577427821, 0.2463768115942029, 0.12121212121212122, 0.4550898203592814, 0.34748010610079577, 0.5732009925558312, 0.6950191570881226, 0.7831858407079646, 0.3247863247863248, 0.06363636363636363, 0.546875, 0.09631728045325778, 0.3869346733668342, 0.012345679012345678, 0.18209876543209877, 0.08374384236453201, 0.10975609756097561, 0.7322097378277154, 0.024390243902439025, 0.6284046692607004, 0.8822754227981551, 0.8126315789473684, 0.0, 0.41967871485943775, 0.04329004329004329, 0.04285714285714286], "precision": [0.7372013651877133, 0.7957957957957958, 0.5862068965517241, 0.7272727272727273, 0.5671641791044776, 0.4962121212121212, 0.66, 0.6982294072363356, 0.855072463768116, 0.3584905660377358, 0.21875, 0.7954545454545454, 0.38202247191011235, 0.5923076923076923, 0.2, 0.49166666666666664, 0.2786885245901639, 0.36, 0.7308411214953271, 0.1935483870967742, 0.7897310513447433, 0.8757357750163506, 0.8446389496717724, 0.0, 0.4634146341463415, 0.19230769230769232, 0.3], "thresh_opt": [0.306, 0.418, 0.10599999999999998, 0.11399999999999999, 0.29800000000000004, 0.21000000000000002, 0.33, 0.394, 0.29000000000000004, 0.25, 0.122, 0.16999999999999998, 0.138, 0.138, 0.098, 0.258, 0.122, 0.13, 0.33, 0.09, 0.43400000000000005, 0.586, 0.386, 0.05, 0.298, 0.162, 0.057999999999999996]}, "4": {"f1": 0.6399718740956524,